[ {
  "idDomicilio" : 1,
  "calle" : "Las Americas",
  "numero" : 1234,
  "localidad" : "Guernica",
  "provincia" : "Buenos Aires"
}, {
  "idDomicilio" : 2,
  "calle" : "Fournier",
  "numero" : 4567,
  "localidad" : "Ezeiza",
  "provincia" : "Buenos Aires"
}, {
  "idDomicilio" : 3,
  "calle" : "Dorrego",
  "numero" : 7891,
  "localidad" : "Monte Grande",
  "provincia" : "Buenos Aires"
}, {
  "idDomicilio" : 4,
  "calle" : "Alem",
  "numero" : 2345,
  "localidad" : "Lomas de Zamora",
  "provincia" : "Buenos Aires"
}, {
  "idDomicilio" : 4,
  "calle" : "San Lorenzo",
  "numero" : 245,
  "localidad" : "Adrogue",
  "provincia" : "Buenos Aires"
}, {
  "idDomicilio" : 4,
  "calle" : "Ugarte",
  "numero" : 235,
  "localidad" : "Marmol",
  "provincia" : "Buenos Aires"
}, {
  "idDomicilio" : 4,
  "calle" : "Fico",
  "numero" : 234,
  "localidad" : "Merlo",
  "provincia" : "Buenos Aires"
}, {
  "idDomicilio" : 4,
  "calle" : "Yrigoyen",
  "numero" : 345,
  "localidad" : "Belgrano",
  "provincia" : "Buenos Aires"
}, {
  "idDomicilio" : 4,
  "calle" : "Belgrano",
  "numero" : 1345,
  "localidad" : "CABA",
  "provincia" : "Buenos Aires"
}, {
  "idDomicilio" : 4,
  "calle" : "Florida",
  "numero" : 45,
  "localidad" : "Lomitas",
  "provincia" : "Buenos Aires"
}, {
  "idSucursal" : 1,
  "domicilio" : {
    "idDomicilio" : 4,
    "calle" : "Florida",
    "numero" : 45,
    "localidad" : "Lomitas",
    "provincia" : "Buenos Aires"
  }
}, {
  "idSucursal" : 2,
  "domicilio" : {
    "idDomicilio" : 4,
    "calle" : "Belgrano",
    "numero" : 1345,
    "localidad" : "CABA",
    "provincia" : "Buenos Aires"
  }
}, {
  "cuil" : 1472,
  "dni" : 12,
  "nombre" : "Julian",
  "apellido" : "Jesus",
  "domicilio" : {
    "idDomicilio" : 4,
    "calle" : "San Lorenzo",
    "numero" : 245,
    "localidad" : "Adrogue",
    "provincia" : "Buenos Aires"
  },
  "encargado" : true,
  "obraSocial" : "Ioma",
  "nroAfiliado" : 45,
  "sucursal" : {
    "idSucursal" : 1,
    "domicilio" : {
      "idDomicilio" : 4,
      "calle" : "Florida",
      "numero" : 45,
      "localidad" : "Lomitas",
      "provincia" : "Buenos Aires"
    }
  }
}, {
  "cuil" : 5836,
  "dni" : 13,
  "nombre" : "Jose",
  "apellido" : "Lopez",
  "domicilio" : {
    "idDomicilio" : 4,
    "calle" : "Ugarte",
    "numero" : 235,
    "localidad" : "Marmol",
    "provincia" : "Buenos Aires"
  },
  "encargado" : false,
  "obraSocial" : "Swiss Medical",
  "nroAfiliado" : 787,
  "sucursal" : {
    "idSucursal" : 2,
    "domicilio" : {
      "idDomicilio" : 4,
      "calle" : "Belgrano",
      "numero" : 1345,
      "localidad" : "CABA",
      "provincia" : "Buenos Aires"
    }
  }
}, {
  "cuil" : 9147,
  "dni" : 14,
  "nombre" : "Julio",
  "apellido" : "Buen Dia",
  "domicilio" : {
    "idDomicilio" : 4,
    "calle" : "Fico",
    "numero" : 234,
    "localidad" : "Merlo",
    "provincia" : "Buenos Aires"
  },
  "encargado" : false,
  "obraSocial" : "Swiss Medical",
  "nroAfiliado" : 454555,
  "sucursal" : {
    "idSucursal" : 1,
    "domicilio" : {
      "idDomicilio" : 4,
      "calle" : "Florida",
      "numero" : 45,
      "localidad" : "Lomitas",
      "provincia" : "Buenos Aires"
    }
  }
}, {
  "cuil" : 2583,
  "dni" : 15,
  "nombre" : "Jorge",
  "apellido" : "Malon",
  "domicilio" : {
    "idDomicilio" : 4,
    "calle" : "Yrigoyen",
    "numero" : 345,
    "localidad" : "Belgrano",
    "provincia" : "Buenos Aires"
  },
  "encargado" : true,
  "obraSocial" : "Swiss Medical",
  "nroAfiliado" : 7899,
  "sucursal" : {
    "idSucursal" : 2,
    "domicilio" : {
      "idDomicilio" : 4,
      "calle" : "Belgrano",
      "numero" : 1345,
      "localidad" : "CABA",
      "provincia" : "Buenos Aires"
    }
  }
}, {
  "codigoNumerico" : 42496,
  "tipo" : "Vacuna",
  "descripcion" : "Astrazeneca",
  "precio" : 750.0,
  "laboratorio" : "George SA",
  "listProductos" : [ ]
}, {
  "codigoNumerico" : 154624,
  "tipo" : "Vacuna",
  "descripcion" : "Sinopharm",
  "precio" : 900.0,
  "laboratorio" : "George SA",
  "listProductos" : [ ]
}, {
  "codigoNumerico" : 789000,
  "tipo" : "Comprimidos",
  "descripcion" : "Tafirol",
  "precio" : 1200.0,
  "laboratorio" : "Sulyvan SRL",
  "listProductos" : [ ]
}, {
  "codigoNumerico" : 52736,
  "tipo" : "Antibiotico",
  "descripcion" : "Ceftriaxona",
  "precio" : 800.0,
  "laboratorio" : "Cuchurrumin SRL",
  "listProductos" : [ ]
}, {
  "codigoNumerico" : 258000,
  "tipo" : "Vacuna",
  "descripcion" : "Sputnik v",
  "precio" : 3250.0,
  "laboratorio" : "Igor S.A",
  "listProductos" : [ ]
}, {
  "dni" : 1,
  "nombre" : "Nicolas",
  "apellido" : "Romero",
  "domicilio" : {
    "idDomicilio" : 1,
    "calle" : "Las Americas",
    "numero" : 1234,
    "localidad" : "Guernica",
    "provincia" : "Buenos Aires"
  },
  "obraSocial" : "Ioma",
  "nroAfiliado" : 1001
}, {
  "dni" : 5,
  "nombre" : "Aylen",
  "apellido" : "Fernandez",
  "domicilio" : {
    "idDomicilio" : 3,
    "calle" : "Dorrego",
    "numero" : 7891,
    "localidad" : "Monte Grande",
    "provincia" : "Buenos Aires"
  },
  "obraSocial" : "Osmedica",
  "nroAfiliado" : 874
}, {
  "dni" : 2,
  "nombre" : "Agustin",
  "apellido" : "Gonzales",
  "domicilio" : {
    "idDomicilio" : 2,
    "calle" : "Fournier",
    "numero" : 4567,
    "localidad" : "Ezeiza",
    "provincia" : "Buenos Aires"
  },
  "obraSocial" : "Ospe",
  "nroAfiliado" : 1987
}, {
  "dni" : 3,
  "nombre" : "Nicolas",
  "apellido" : "Rodriguez",
  "domicilio" : {
    "idDomicilio" : 3,
    "calle" : "Dorrego",
    "numero" : 7891,
    "localidad" : "Monte Grande",
    "provincia" : "Buenos Aires"
  },
  "obraSocial" : "Femeba",
  "nroAfiliado" : 4588
}, {
  "dni" : 4,
  "nombre" : "Lisandro",
  "apellido" : "Ferreira",
  "domicilio" : {
    "idDomicilio" : 4,
    "calle" : "Alem",
    "numero" : 2345,
    "localidad" : "Lomas de Zamora",
    "provincia" : "Buenos Aires"
  },
  "obraSocial" : "Ioma",
  "nroAfiliado" : 1002
}, {
  "numeroTicket" : 1,
  "fecha"